id,level,qid,qstart,qend,sid,sstart,send,strand,acc,score,evalue,ORF_sim,IS_sim,GenBank_class
NC_017452.1_00_orf,orf,IS1,7,104,NC_017452.1,325213,325719,+,0.95,48.6,2.6e-16,0.31196581196581197,0.0,is_related
NC_017452.1_01_is,is,IS1595,1,147,NC_017452.1,995382,996098,+,0.96,133.6,2.1e-42,0.8518518518518519,0.8289290681502086,no
NC_017452.1_02_orf,orf,IS3_IS150,17,103,NC_017452.1,1167527,1168222,-,0.95,56.2,1.1e-18,0.30128205128205127,0.22592067988668554,no
NC_017452.1_03_is,is,IS3_IS150,24,83,NC_017452.1,769920,770305,-,0.86,30.0,1.5e-10,0.17307692307692307,0.1501416430594901,no
NC_017452.1_04_orf,orf,IS3_IS3-IS3_IS150,19,104,NC_017452.1,841611,842375,+,0.95,69.6,7.3e-23,0.391025641025641,0.31586402266288954,no
NC_017452.1_05_is,is,IS3_IS3-IS3_IS150,48,107,NC_017452.1,91338,91698,-,0.88,54.4,3.9e-18,0.12669683257918551,0.2096317280453258,no
