id,level,qid,qstart,qend,sid,sstart,send,strand,acc,score,evalue,ORF_sim,IS_sim,GenBank_class
NC_017451.1_00_is,is,IS1595,1,147,NC_017451.1,942388,943130,-,0.96,129.7,3.4e-41,0.7037037037037037,0.8331015299026425,no
NC_017451.1_01_is,is,IS1595,80,147,NC_017451.1,1924366,1924787,+,0.95,54.5,5.2e-18,0.33640552995391704,0.30434782608695654,other_record
NC_017451.1_02_orf,orf,IS3_IS150,24,104,NC_017451.1,811191,811613,-,0.88,58.3,2.3e-19,0.2467948717948718,0.1529745042492918,no
NC_017451.1_03_is,is,IS3_IS150,54,106,NC_017451.1,86136,86558,-,0.91,49.8,1e-16,0.1762820512820513,0.2075070821529745,no
NC_017451.1_04_orf,orf,IS3_IS3-IS3_IS150,19,104,NC_017451.1,882081,882578,+,0.96,85.1,1.1e-27,0.41346153846153844,0.32152974504249293,no
NC_017451.1_05_is,is,Tn3,1,216,NC_017451.1,571943,575705,+,1.0,264.5,2.3e-82,0.991008991008991,0.7340339531123686,is_related
