id,level,qid,qstart,qend,sid,sstart,send,strand,acc,score,evalue,ORF_sim,IS_sim,GenBank_class
NC_014920.1_00_is,is,IS1595,1,124,NC_014920.1,583065,583776,+,0.94,108.2,1.5e-34,0.7235023041474654,0.8555399719495091,is_related
NC_014920.1_01_orf,orf,IS3_IS3-IS3_IS150,19,105,NC_014920.1,616852,617220,+,0.95,65.8,1.1e-21,0.2403846153846154,0.1954674220963173,no
NC_014920.1_02_orf,orf,IS3_IS150,24,104,NC_014920.1,536045,536467,-,0.88,55.2,2.1e-18,0.25,0.15226628895184136,no
NC_014920.1_03_is,is,IS3_IS150,54,106,NC_014920.1,1762148,1762554,-,0.9,49.7,1.1e-16,0.21474358974358973,0.20609065155807366,no
NC_014920.1_04_orf,orf,IS481,21,108,NC_014920.1,1267142,1267921,-,0.9,22.1,5.7e-08,0.09555555555555556,0.0,no
