id,level,qid,qstart,qend,sid,sstart,send,strand,acc,score,evalue,ORF_sim,IS_sim,GenBank_class
NC_014922.1_00_orf,orf,IS200_IS605,2,66,NC_014922.1,1842481,1842828,+,0.96,56.3,1.1e-18,0.4125874125874126,0.0,no
NC_014922.1_01_is,is,IS3_IS150,1,106,NC_014922.1,748731,750145,+,0.98,125.4,3.2e-40,0.9743589743589743,0.9794617563739377,is_related
NC_014922.1_02_is,is,IS3_IS150,1,106,NC_014922.1,1310103,1311517,+,0.98,123.6,1.1e-39,0.9647435897435898,0.9723796033994334,is_related
NC_014922.1_03_orf,orf,IS3_IS150-IS3_IS3,19,84,NC_014922.1,1359600,1359929,+,0.93,46.2,1.3e-15,0.1794871794871795,0.1558073654390935,no
NC_014922.1_04_is,is,IS3_IS150,1,106,NC_014922.1,1430482,1431956,+,0.98,125.5,3.1e-40,0.9615384615384616,0.9723796033994334,is_related
NC_014922.1_05_is,is,IS3_IS150,55,106,NC_014922.1,717076,717411,-,0.91,53.4,7.7e-18,0.12669683257918551,0.20821529745042494,no
NC_014922.1_06_orf,orf,IS3_IS150-IS3_IS3,62,105,NC_014922.1,1277158,1277430,-,0.91,24.0,1.1e-08,0.11085972850678733,0.08356940509915015,no
NC_014922.1_07_orf,orf,IS481,21,108,NC_014922.1,1970155,1970931,-,0.9,21.6,8e-08,0.09555555555555556,0.0,no
