id,level,qid,qstart,qend,sid,sstart,send,strand,acc,score,evalue,ORF_sim,IS_sim,GenBank_class
NZ_CP007470.1_0_is,is,IS1595,1,147,NZ_CP007470.1,178375,179091,-,0.96,133.6,2.1e-42,0.8472222222222222,0.827538247566064,no
NZ_CP007470.1_1_is,is,IS3_IS3-IS3_IS51-IS3_IS150,50,107,NZ_CP007470.1,1622824,1623225,+,0.91,49.6,1.2e-16,0.1762820512820513,0.2075070821529745,no
