id,level,qid,qstart,qend,sid,sstart,send,strand,acc,score,evalue,ORF_sim,IS_sim,GenBank_class
NZ_CP007805.1_0_is,is,IS1595,1,147,NZ_CP007805.1,1042689,1043431,-,0.96,136.4,3e-43,0.7083333333333334,0.8317107093184979,no
NZ_CP007805.1_1_orf,orf,IS1595,1,147,NZ_CP007805.1,729366,729875,-,0.83,63.8,6.9e-21,0.48148148148148145,0.44506258692628653,is_related
NZ_CP007805.1_2_orf,orf,IS200_IS605,1,65,NZ_CP007805.1,340819,341109,-,0.91,16.9,1.8e-06,0.17721518987341772,0.0,no
NZ_CP007805.1_3_orf,orf,IS3_IS150,24,104,NZ_CP007805.1,902070,902549,-,0.87,59.2,1.3e-19,0.21153846153846154,0.1529745042492918,no
NZ_CP007805.1_4_is,is,IS3_IS3-IS3_IS150,48,107,NZ_CP007805.1,386089,386450,+,0.88,52.4,1.6e-17,0.26282051282051283,0.2075070821529745,no
NZ_CP007805.1_5_orf,orf,IS3_IS150,1,40,NZ_CP007805.1,590974,591717,-,0.95,29.3,2.5e-10,0.2532051282051282,0.0,other_record
