id,level,qid,qstart,qend,sid,sstart,send,strand,acc,score,evalue,ORF_sim,IS_sim,GenBank_class
NC_022356.1_0_is,is,IS1595,1,135,NC_022356.1,1022679,1023367,-,0.97,123.3,3.2e-39,0.7188940092165899,0.8022440392706872,is_related
NC_022356.1_1_is,is,IS1595,1,147,NC_022356.1,1012159,1012870,-,0.98,151.0,8.9e-48,0.8433179723502304,0.8569424964936886,is_related
NC_022356.1_2_orf,orf,IS200_IS605,1,113,NC_022356.1,694056,694514,-,0.97,118.4,5.8e-38,0.6666666666666666,0.04977116704805492,no
NC_022356.1_3_orf,orf,IS200_IS605,1,99,NC_022356.1,45486,45827,+,0.88,28.2,5.8e-10,0.21518987341772153,0.0,no
NC_022356.1_4_domain,domain,IS200_IS605,13,91,NC_022356.1,1621336,1621581,+,0.81,17.5,1.2e-06,0.0,0.0,is_related
NC_022356.1_5_orf,orf,IS3_IS150-IS3_IS3,57,107,NC_022356.1,253131,253526,+,0.94,33.1,1.6e-11,0.14732142857142858,0.12693935119887165,is_related
