id,level,qid,qstart,qend,sid,sstart,send,strand,acc,score,evalue,ORF_sim,IS_sim,GenBank_class
NZ_CP009610.1_0_is,is,IS1595,1,147,NZ_CP009610.1,1480546,1481262,+,0.96,133.6,2.2e-42,0.8518518518518519,0.8289290681502086,no
NZ_CP009610.1_1_is,is,IS3_IS51-IS3_IS3-IS3_IS150,50,107,NZ_CP009610.1,531438,531839,-,0.91,49.6,1.2e-16,0.1762820512820513,0.2075070821529745,no
