id,level,qid,qstart,qend,sid,sstart,send,strand,acc,score,evalue,ORF_sim,IS_sim,GenBank_class
NC_007146.2_00_is,is,IS1595,45,147,NC_007146.2,1536109,1536823,-,0.92,102.2,1e-32,0.4861111111111111,0.8372739916550765,is_related
NC_007146.2_01_orf,orf,IS1595,31,98,NC_007146.2,1146616,1146852,-,0.89,48.3,4.3e-16,0.2361111111111111,0.2141863699582754,no
NC_007146.2_02_orf,orf,IS3_IS150,32,106,NC_007146.2,652051,652479,-,0.96,69.2,9.5e-23,0.16891891891891891,0.07325501036627505,no
NC_007146.2_03_is,is,IS3_IS150-IS3_IS51-IS3_IS3,50,107,NC_007146.2,580272,580673,+,0.91,49.6,1.2e-16,0.1762820512820513,0.2075070821529745,no
NC_007146.2_04_orf,orf,IS3_IS150-IS3_IS3,71,107,NC_007146.2,653894,654244,-,0.96,29.7,1.9e-10,0.17419354838709677,0.0,no
NC_007146.2_05_is,is,Tn3,1,216,NC_007146.2,124921,128683,-,1.0,264.5,2.3e-82,0.991008991008991,0.7340339531123686,is_related
